{"cameraMode":{"drawMode":0,"name":"Shaded","section":"Shading Mode"},"sceneLighting":true,"audioPlay":false,"sceneViewState":{"m_AlwaysRefresh":false,"showFog":true,"showSkybox":true,"showFlares":true,"showImageEffects":true,"showParticleSystems":true,"showVisualEffectGraphs":true,"m_FxEnabled":true},"in2DMode":false,"pivot":{"x":-0.4449878931045532,"y":0.7072019577026367,"z":-3.9689760208129885},"rotation":{"x":-0.023347925394773485,"y":0.9693874716758728,"z":-0.22218486666679383,"w":-0.10186651349067688},"size":3.957550048828125,"orthographic":true}