{"cameraMode":{"drawMode":0,"name":"Shaded","section":"Shading Mode"},"sceneLighting":true,"audioPlay":false,"sceneViewState":{"m_AlwaysRefresh":false,"showFog":true,"showSkybox":true,"showFlares":true,"showImageEffects":true,"showParticleSystems":true,"showVisualEffectGraphs":true,"m_FxEnabled":true},"in2DMode":false,"pivot":{"x":-6.04747200012207,"y":0.6085779666900635,"z":-1.7897677421569825},"rotation":{"x":0.23737171292304994,"y":-0.05155326426029205,"z":0.012626775540411473,"w":0.9699837565422058},"size":2.500441789627075,"orthographic":true}